{
	"info": {
		"_postman_id": "720fa427-3b26-431b-9460-292bca5a6b2c",
		"name": "Bookstore",
		"description": "API Collection for Bookstore",
		"schema": "https://schema.getpostman.com/json/collection/v2.1.0/collection.json",
		"_exporter_id": "7199971"
	},
	"item": [
		{
			"name": "login",
			"request": {
				"auth": {
					"type": "noauth"
				},
				"method": "POST",
				"header": [],
				"body": {
					"mode": "raw",
					"raw": "{\r\n    \"email\":\"admin@admin.com\",\r\n    \"password\":\"password\",\r\n    \"api_key\":\"f1aae435-79a4-4731-88ee-fcb28131b8de\"\r\n}",
					"options": {
						"raw": {
							"language": "json"
						}
					}
				},
				"url": {
					"raw": "{{endpoint}}/api/v1/login",
					"host": [
						"{{endpoint}}"
					],
					"path": [
						"api",
						"v1",
						"login"
					]
				},
				"description": "Login with Email and Password"
			},
			"response": []
		},
		{
			"name": "author-list",
			"request": {
				"method": "GET",
				"header": [
					{
						"key": "Accept",
						"value": "application/json",
						"type": "text"
					}
				],
				"url": {
					"raw": "{{endpoint}}/api/v1/authors",
					"host": [
						"{{endpoint}}"
					],
					"path": [
						"api",
						"v1",
						"authors"
					]
				},
				"description": "List All Authors"
			},
			"response": []
		},
		{
			"name": "books-list",
			"request": {
				"method": "GET",
				"header": [
					{
						"key": "Accept",
						"value": "application/json",
						"type": "text"
					}
				],
				"url": {
					"raw": "{{endpoint}}/api/v1/books",
					"host": [
						"{{endpoint}}"
					],
					"path": [
						"api",
						"v1",
						"books"
					]
				},
				"description": "List All Books with details"
			},
			"response": []
		},
		{
			"name": "book-by-id",
			"request": {
				"method": "GET",
				"header": [
					{
						"key": "Accept",
						"value": "application/json",
						"type": "text"
					}
				],
				"url": {
					"raw": "{{endpoint}}/api/v1/books/1",
					"host": [
						"{{endpoint}}"
					],
					"path": [
						"api",
						"v1",
						"books",
						"1"
					]
				},
				"description": "Get Book details by Book ID"
			},
			"response": []
		},
		{
			"name": "book-by-isbn",
			"request": {
				"method": "GET",
				"header": [
					{
						"key": "Accept",
						"value": "application/json",
						"type": "text"
					}
				],
				"url": {
					"raw": "{{endpoint}}/api/v1/books/isbn/1",
					"host": [
						"{{endpoint}}"
					],
					"path": [
						"api",
						"v1",
						"books",
						"isbn",
						"1"
					]
				},
				"description": "Get Book details by Book ISBN"
			},
			"response": []
		},
		{
			"name": "book-by-author-id",
			"request": {
				"method": "GET",
				"header": [
					{
						"key": "Accept",
						"value": "application/json",
						"type": "text"
					}
				],
				"url": {
					"raw": "{{endpoint}}/api/v1/authors/1/books",
					"host": [
						"{{endpoint}}"
					],
					"path": [
						"api",
						"v1",
						"authors",
						"1",
						"books"
					]
				},
				"description": "List All Books with details by Author ID"
			},
			"response": []
		},
		{
			"name": "book-store",
			"request": {
				"method": "POST",
				"header": [
					{
						"key": "Accept",
						"value": "application/json",
						"type": "text"
					}
				],
				"body": {
					"mode": "formdata",
					"formdata": [
						{
							"key": "title",
							"value": "",
							"type": "text"
						},
						{
							"key": "author_id",
							"value": "",
							"type": "text"
						},
						{
							"key": "isbn",
							"value": "",
							"type": "text"
						},
						{
							"key": "description",
							"value": "",
							"type": "text"
						},
						{
							"key": "content",
							"value": "",
							"type": "text"
						},
						{
							"key": "price",
							"value": "",
							"type": "text"
						},
						{
							"key": "image",
							"type": "file",
							"src": []
						}
					]
				},
				"url": {
					"raw": "{{endpoint}}/api/v1/books/1",
					"host": [
						"{{endpoint}}"
					],
					"path": [
						"api",
						"v1",
						"books",
						"1"
					]
				},
				"description": "Create New Book"
			},
			"response": []
		},
		{
			"name": "book-update",
			"request": {
				"method": "PATCH",
				"header": [
					{
						"key": "Accept",
						"value": "application/json",
						"type": "text"
					}
				],
				"body": {
					"mode": "formdata",
					"formdata": [
						{
							"key": "title",
							"value": "",
							"type": "text"
						},
						{
							"key": "author_id",
							"value": "",
							"type": "text"
						},
						{
							"key": "isbn",
							"value": "",
							"type": "text"
						},
						{
							"key": "description",
							"value": "",
							"type": "text"
						},
						{
							"key": "content",
							"value": "",
							"type": "text"
						},
						{
							"key": "price",
							"value": "",
							"type": "text"
						},
						{
							"key": "image",
							"type": "file",
							"src": []
						}
					]
				},
				"url": {
					"raw": "{{endpoint}}/api/v1/books/1",
					"host": [
						"{{endpoint}}"
					],
					"path": [
						"api",
						"v1",
						"books",
						"1"
					]
				},
				"description": "Edit Book"
			},
			"response": []
		},
		{
			"name": "book-delete",
			"request": {
				"method": "DELETE",
				"header": [
					{
						"key": "Accept",
						"value": "application/json",
						"type": "text"
					}
				],
				"url": {
					"raw": "{{endpoint}}/api/v1/books",
					"host": [
						"{{endpoint}}"
					],
					"path": [
						"api",
						"v1",
						"books"
					]
				},
				"description": "Delete Book"
			},
			"response": []
		}
	],
	"auth": {
		"type": "bearer",
		"bearer": [
			{
				"key": "token",
				"value": "2|nZrNsNCU9Et8X6nhx9iNsXhUJqiaciFB6f0N8nFE17715246",
				"type": "string"
			}
		]
	},
	"event": [
		{
			"listen": "prerequest",
			"script": {
				"type": "text/javascript",
				"packages": {},
				"exec": [
					""
				]
			}
		},
		{
			"listen": "test",
			"script": {
				"type": "text/javascript",
				"packages": {},
				"exec": [
					""
				]
			}
		}
	],
	"variable": [
		{
			"key": "endpoint",
			"value": "127.0.0.1:8000",
			"type": "string"
		}
	]
}